Date,RELIANCE.NS_rsi_14,RELIANCE.NS_sma_20,RELIANCE.NS_sma_50,RELIANCE.NS_bb_upper,RELIANCE.NS_bb_middle,RELIANCE.NS_bb_lower,TCS.NS_rsi_14,TCS.NS_sma_20,TCS.NS_sma_50,TCS.NS_bb_upper,TCS.NS_bb_middle,TCS.NS_bb_lower,INFY.NS_rsi_14,INFY.NS_sma_20,INFY.NS_sma_50,INFY.NS_bb_upper,INFY.NS_bb_middle,INFY.NS_bb_lower
2025-01-24,51.480596417014375,,,,,,58.16975393140222,,,,,,41.554867509129366,,,,,
2025-01-27,47.13930348258707,,,,,,52.564966504984106,,,,,,35.732062428463735,,,,,
2025-01-28,41.4277917860284,,,,,,46.568475167645204,,,,,,36.63736367807325,,,,,
2025-01-29,44.395924308588064,,,,,,54.19914742499067,,,,,,45.734215829563716,,,,,
2025-01-30,53.15954088575483,,,,,,37.3416883738878,,,,,,36.42820805908655,,,,,
2025-01-31,56.771254119751376,,,,,,35.9822563630954,,,,,,39.934050393411205,,,,,
2025-02-01,56.95452757107961,1257.539990234375,,1299.6475529041406,1257.539990234375,1215.4324275646093,37.13534425769112,4089.897314453125,,4245.764818966476,4089.897314453125,3934.0298099397737,39.32868066834675,1857.8350402832032,,1963.3789640936484,1857.8350402832032,1752.291116472758
2025-02-03,48.35166730437926,1257.7924926757812,,1299.5376582379693,1257.7924926757812,1216.0473271135932,35.02250214527217,4092.3716552734377,,4242.583920729948,4092.3716552734377,3942.159389816928,39.66983222088744,1854.5044067382812,,1958.0924671718021,1854.5044067382812,1750.9163463047603
2025-02-04,54.33726774721862,1258.777490234375,,1302.184955600969,1258.777490234375,1215.3700248677808,42.10943961422931,4092.7887939453126,,4242.6980888409535,4092.7887939453126,3942.8794990496713,46.5702978610558,1852.8107421875,,1953.9089067155564,1852.8107421875,1751.7125776594435
2025-02-05,43.551391146131785,1259.9499877929688,,1304.1588331478472,1259.9499877929688,1215.7411424380905,46.74192176048575,4095.854138183594,,4239.61778319987,4095.854138183594,3952.0904931673176,62.71028004946884,1851.8122863769531,,1951.7224267182294,1851.8122863769531,1751.9021460356769
2025-02-06,43.62669270833333,1261.9324890136718,,1306.2890817666294,1261.9324890136718,1217.5758962607142,50.52507373398076,4087.2922973632812,,4220.425487174667,4087.2922973632812,3954.159107551896,65.1651718849217,1849.2828796386718,,1942.1414608954246,1849.2828796386718,1756.424298381919
2025-02-07,47.94841852491063,1263.2749877929687,,1306.426385915811,1263.2749877929687,1220.1235896701264,49.331911506592114,4074.8281494140624,,4192.2602585898985,4074.8281494140624,3957.396040238226,65.2812683857914,1846.3960021972657,,1931.285508082258,1846.3960021972657,1761.5064963122734
2025-02-10,43.49515917562413,1264.0199890136719,,1305.883852006433,1264.0199890136719,1222.1561260209107,33.81131451712881,4065.6082763671875,,4175.044254809013,4065.6082763671875,3956.172297925362,53.91690754000993,1843.449951171875,,1922.4747583263788,1843.449951171875,1764.4251440173712
2025-02-11,42.24137023853684,1263.152490234375,,1306.731564578703,1263.152490234375,1219.5734158900468,28.936943083179358,4051.932482910156,,4157.828650832196,4051.932482910156,3946.0363149881155,51.699451225749826,1839.801287841797,,1909.644272833523,1839.801287841797,1769.9583028500708
2025-02-12,42.02626850357737,1260.6574951171874,,1308.9053398076542,1260.6574951171874,1212.4096504267206,26.933579250772283,4039.7334228515624,,4149.672151183831,4039.7334228515624,3929.7946945192934,47.967627010272416,1836.5815979003905,,1900.0581863133664,1836.5815979003905,1773.1050094874147
2025-02-13,46.10408815189691,1256.3449951171874,,1304.3196933855102,1256.3449951171874,1208.3702968488647,30.18408771719895,4029.120263671875,,4158.685089015036,4029.120263671875,3899.555438328714,53.949083474006386,1837.9523193359375,,1898.325406450091,1837.9523193359375,1777.5792322217842
2025-02-14,44.838994314161845,1251.9349975585938,,1297.0328463016453,1251.9349975585938,1206.8371488155422,36.513606792244566,4022.0357299804687,,4163.603327772573,4022.0357299804687,3880.468132188365,54.855166789800386,1840.0774169921874,,1895.8876930238662,1840.0774169921874,1784.2671409605086
2025-02-17,46.93110275318977,1249.4950012207032,,1294.9140575980755,1249.4950012207032,1204.075944843331,23.009959309050387,4015.52607421875,,4172.444095196643,4015.52607421875,3858.6080532408578,41.78445335782807,1842.1285583496094,,1890.4985081307077,1842.1285583496094,1793.7586085685111
2025-02-18,41.11788625856315,1246.9100036621094,,1291.5927915658733,1246.9100036621094,1202.2272157583454,21.12766836558434,4001.4808959960938,,4168.963029286275,4001.4808959960938,3833.9987627059127,48.22539898729172,1841.9066833496095,,1890.5375256878424,1841.9066833496095,1793.2758410113765
2025-02-19,37.07517401197655,1245.1,,1289.8603275317503,1245.1,1200.3396724682495,15.044727739065891,3983.57255859375,,4177.229628328036,3983.57255859375,3789.9154888594644,36.015418527622934,1839.2121032714845,,1893.974404336842,1839.2121032714845,1784.4498022061268
2025-02-20,39.515607090928974,1244.4349975585938,,1289.5143152376152,1244.4349975585938,1199.3556798795723,16.239513187707857,3965.0893432617186,,4175.463992663557,3965.0893432617186,3754.71469385988,44.36802762288041,1836.732000732422,,1893.982462279805,1836.732000732422,1779.4815391850389
2025-02-21,43.514801851078786,1244.375,,1289.541961981871,1244.375,1199.208038018129,17.67131021550695,3951.2548217773438,,4179.474524803717,3951.2548217773438,3723.03511875097,39.53636427509854,1836.3868530273437,,1894.72586868088,1836.3868530273437,1778.0478373738074
2025-02-24,18.218709296221377,1243.382501220703,,1290.3104082082864,1243.382501220703,1196.4545942331197,7.630426306149758,3933.1804809570312,,4197.913211738944,3933.1804809570312,3668.447750175119,22.644172343627446,1833.1498962402343,,1904.666414495195,1833.1498962402343,1761.6333779852735
2025-02-25,17.65482788860224,1241.8075012207032,,1291.8597270706184,1241.8075012207032,1191.755275370788,7.204500774672596,3909.875134277344,,4206.393626164086,3909.875134277344,3613.356642390602,23.926618562144256,1827.551171875,,1908.6999841918955,1827.551171875,1746.4023595581043
2025-02-27,17.474868677172495,1239.5099975585938,,1291.5675916392324,1239.5099975585938,1187.4524034779552,7.090763517289162,3885.714892578125,,4207.0834949036025,3885.714892578125,3564.3462902526467,17.50053162080559,1822.8350341796875,,1912.8499238591326,1822.8350341796875,1732.8201445002423
2025-02-28,18.761730375704104,1236.2599975585938,,1289.6887894978156,1236.2599975585938,1182.831205619372,6.227507413793305,3854.5345458984375,,4216.5386839336325,3854.5345458984375,3492.530407863242,13.699773731835037,1813.363299560547,,1926.5732510976259,1813.363299560547,1700.153348023468
2025-03-03,16.33986602187491,1231.5924987792969,,1290.6142692842031,1231.5924987792969,1172.5707282743906,6.564465424269031,3825.7850830078123,,4216.848063722754,3825.7850830078123,3434.7221022928707,20.898288748017862,1806.3248291015625,,1933.0161683694605,1806.3248291015625,1679.6334898336645
2025-03-04,17.70695763255901,1227.3924987792968,,1293.640025545676,1227.3924987792968,1161.1449720129176,13.537291867259611,3799.1914672851562,,4203.1055304704,3799.1914672851562,3395.277404099913,19.84547728781523,1797.6962341308595,,1938.2149566917897,1797.6962341308595,1657.1775115699293
2025-03-05,31.102869188139294,1221.9125,,1286.1270195695242,1221.9125,1157.6979804304756,16.02899764898514,3771.4381591796873,,4173.025678920906,3771.4381591796873,3369.850639438469,26.404213912939,1788.4611694335938,,1932.5255802587217,1788.4611694335938,1644.396758608466
2025-03-06,47.709653110171324,1218.4825012207032,,1277.1244473224292,1218.4825012207032,1159.8405551189771,24.619583275927738,3747.1787841796877,,4135.0105751864285,3747.1787841796877,3359.3469931729464,29.16935352963732,1779.526873779297,,1924.2707718284619,1779.526873779297,1634.782975730132
2025-03-07,58.99421321125624,1216.895001220703,,1269.7852348316906,1216.895001220703,1164.0047676097156,22.699265410465088,3723.8089965820313,,4091.428531710466,3723.8089965820313,3356.189461453597,23.581360946177753,1768.2036926269532,,1912.296094586479,1768.2036926269532,1624.1112906674273
2025-03-10,53.654575952604716,1215.4800048828124,,1264.101915786072,1215.4800048828124,1166.858093979553,23.04134578152562,3702.0152099609377,,4053.544222784156,3702.0152099609377,3350.4861971377195,28.253788177049927,1758.2339660644532,,1898.0920911698577,1758.2339660644532,1618.3758409590487
2025-03-11,55.67064401422363,1215.1625061035156,,1262.8080774791372,1215.1625061035156,1167.516934727894,23.730152869064327,3679.1360717773437,,4007.4205147053212,3679.1360717773437,3350.851628849366,23.118163777056438,1747.45068359375,,1889.3917880006534,1747.45068359375,1605.5095791868466
2025-03-12,57.370540452802935,1216.272509765625,,1266.796719405854,1216.272509765625,1165.748300125396,24.597786446431044,3656.47001953125,,3974.6665767177296,3656.47001953125,3338.27346234477,21.33450953149648,1733.4082580566405,,1887.8105391808765,1733.4082580566405,1579.0059769324046
2025-03-13,53.64481962680172,1217.8400085449218,,1270.3083177075926,1217.8400085449218,1165.371699382251,25.47747303255362,3634.708447265625,,3937.517622771999,3634.708447265625,3331.8992717592514,17.74910332665081,1719.4397888183594,,1884.4516676686735,1719.4397888183594,1554.4279099680452
2025-03-17,52.56470425759515,1218.9775085449219,,1272.2669848254798,1218.9775085449219,1165.688032264364,23.975424962624274,3614.267626953125,,3903.4676805121057,3614.267626953125,3325.067573394144,20.42854357866466,1706.9554443359375,,1878.3322606009156,1706.9554443359375,1535.5786280709594
2025-03-18,56.23074655026383,1220.0575073242187,1240.957998046875,1274.0701804062678,1220.0575073242187,1166.0448342421696,29.94359570181031,3592.602685546875,3869.413193359375,3855.325412950106,3592.602685546875,3329.8799581436438,23.584751819151236,1693.8227233886719,1791.3909326171874,1865.5455909716509,1693.8227233886719,1522.0998558056929
2025-03-19,61.19325475662267,1221.1700073242187,1241.0839990234374,1276.5030724166254,1221.1700073242187,1165.836942231812,33.362643536976336,3572.412158203125,3859.0726416015623,3805.766015231903,3572.412158203125,3339.0583011743465,22.49885176189713,1681.2126525878907,1784.6004760742187,1851.9681573826847,1681.2126525878907,1510.4571477930967
2025-03-20,64.65863592792405,1223.3575073242187,1241.1569995117188,1282.7080082485159,1223.3575073242187,1164.0070063999215,44.47546668796844,3557.0462280273437,3848.457333984375,3754.117959779051,3557.0462280273437,3359.9744962756363,29.04634296387951,1669.556658935547,1778.336611328125,1830.1484972261896,1669.556658935547,1508.9648206449042
2025-03-21,67.99621544751987,1225.802508544922,1241.5889990234375,1289.7164017488124,1225.802508544922,1161.8886153410315,64.25246218359877,3546.8369750976562,3839.5138623046873,3721.5404919557513,3546.8369750976562,3372.133458239561,34.21271316810473,1658.7955688476563,1771.931728515625,1815.419882976643,1658.7955688476563,1502.1712547186696
2025-03-24,81.34129319020562,1229.2575073242188,1242.792998046875,1301.7099476937133,1229.2575073242188,1156.8050669547242,68.17818204341873,3539.380749511719,3827.0930859375,3689.237874454483,3539.380749511719,3389.523624568955,29.360400108857547,1647.3367919921875,1764.5515698242189,1793.7154329853868,1647.3367919921875,1500.9581509989882
2025-03-25,78.59287873831208,1232.1225036621095,1243.7049975585937,1308.7990515011772,1232.1225036621095,1155.4459558230417,67.28549238136463,3533.0247436523437,3814.7399169921873,3652.499583925279,3533.0247436523437,3413.5499033794085,39.89187109830698,1638.1387084960938,1757.9691845703126,1769.1307590068259,1638.1387084960938,1507.1466579853618
2025-03-26,72.68917761319848,1235.0475036621094,1244.3909985351563,1313.3476037895964,1235.0475036621094,1156.7474035346224,61.97547194894975,3531.0522705078124,3803.0996533203124,3643.9909535473353,3531.0522705078124,3418.1135874682896,31.43943432779264,1630.0204345703125,1751.25169921875,1754.4932959017965,1630.0204345703125,1505.5475732388286
2025-03-27,68.45077099966971,1238.757501220703,1244.9109985351563,1317.890575794477,1238.757501220703,1159.6244266469291,57.483390352542976,3532.1252319335936,3791.4373681640627,3648.09201992753,3532.1252319335936,3416.158443939657,31.382648190423183,1621.9268188476562,1744.4257421875,1736.0403000272538,1621.9268188476562,1507.8133376680587
2025-03-28,58.50132365958446,1242.1575012207031,1245.0839990234374,1321.4067191790423,1242.1575012207031,1162.908283262364,49.3117261031115,3531.8080444335938,3779.738359375,3647.2486625712213,3531.8080444335938,3416.367426295966,31.068447575156455,1612.378662109375,1737.369033203125,1716.4745882231737,1612.378662109375,1508.2827359955763
2025-04-01,54.44026261546683,1244.7825012207031,1244.0889990234375,1321.606949640994,1244.7825012207031,1167.9580528004124,45.15164425492883,3535.1557861328124,3768.3694140625,3644.6504197548006,3535.1557861328124,3425.661152510824,23.758826401873065,1604.4304931640625,1731.6702172851562,1715.8564898476673,1604.4304931640625,1493.0044964804576
2025-04-02,51.26270249321586,1248.7775024414063,1243.0030004882813,1317.3705760942191,1248.7775024414063,1180.1844287885936,46.01294987015672,3537.678356933594,3757.786474609375,3642.320523103322,3537.678356933594,3433.0361907638658,32.429472382619196,1596.617919921875,1726.4802392578124,1706.1852542682677,1596.617919921875,1487.0505855754823
2025-04-03,47.12362959898004,1253.117498779297,1242.5030004882813,1308.2238930762733,1253.117498779297,1198.0111044823207,38.91577692409591,3531.2901245117187,3745.2439501953127,3658.535967897127,3531.2901245117187,3404.04428112631,34.277635239305795,1587.1609741210937,1720.480654296875,1704.3099303261479,1587.1609741210937,1470.0120179160394
2025-04-04,37.99997151690776,1254.5724975585938,1241.055,1302.072850741313,1254.5724975585938,1207.0721443758746,31.228364518137425,3519.016711425781,3728.2509814453124,3691.769108201968,3519.016711425781,3346.2643146495943,30.802659491250324,1574.3487426757813,1712.4969873046875,1700.8517010736728,1574.3487426757813,1447.8457842778898
2025-04-07,32.579165525617924,1252.3774963378905,1239.0959985351562,1311.3097286690677,1252.3774963378905,1193.4452640067134,30.577503333699823,3502.78349609375,3710.9765185546876,3712.481152532895,3502.78349609375,3293.0858396546046,24.47173560279866,1558.6151184082032,1703.2530517578125,1700.7877055725512,1558.6151184082032,1416.4425312438552
2025-04-08,37.49170519606464,1248.997491455078,1237.8139965820312,1315.783156455729,1248.997491455078,1182.211826454427,32.78397829531217,3487.011193847656,3693.9399462890624,3718.744192042925,3487.011193847656,3255.2781956523872,30.36649514525061,1545.9335510253907,1694.4439965820313,1694.1675130381773,1545.9335510253907,1397.699589012604
2025-04-09,36.03703041776436,1246.344989013672,1236.9339965820313,1318.8701622406206,1246.344989013672,1173.8198157867232,30.441886377788634,3470.009814453125,3677.7131787109374,3728.18986143621,3470.009814453125,3211.8297674700398,28.849041328368273,1531.2526123046875,1686.194072265625,1682.6062873296821,1531.2526123046875,1379.898937279693
2025-04-11,39.222816530086504,1244.9274841308593,1236.6249951171876,1318.47506003616,1244.9274841308593,1171.3799082255587,21.867849281021066,3452.9712524414062,3661.6796875,3734.5633642009416,3452.9712524414062,3171.379140681871,24.804406239388,1518.8200439453126,1677.9047045898437,1673.8696567289167,1518.8200439453126,1363.7704311617085
2025-04-15,42.657479945049786,1244.07998046875,1236.7169946289061,1317.4297569791681,1244.07998046875,1170.7302039583317,22.09909924923548,3440.184912109375,3644.797744140625,3740.1316386791204,3440.184912109375,3140.2381855396297,29.313123013491037,1510.6919067382812,1668.92603515625,1671.64617804288,1510.6919067382812,1349.7376354336825
2025-04-16,35.849484240041406,1243.6499816894532,1236.4419946289063,1317.0062976358777,1243.6499816894532,1170.2936657430287,18.623558781185423,3428.4269287109373,3628.4183349609375,3739.994177210491,3428.4269287109373,3116.8596802113834,28.36846641154905,1502.4700927734375,1660.113037109375,1669.9322226783183,1502.4700927734375,1335.0079628685567
2025-04-17,47.72302671792154,1245.4324829101563,1236.6299951171875,1320.0199032308872,1245.4324829101563,1170.8450625894254,18.087997248853867,3418.574499511719,3612.2916748046873,3737.398896155352,3418.574499511719,3099.750102868086,22.930455610878838,1494.0609069824218,1651.0347680664063,1664.5340707253526,1494.0609069824218,1323.587743239491
2025-04-21,54.50712081465884,1248.2649841308594,1237.2479956054688,1326.034632025062,1248.2649841308594,1170.4953362366568,22.095907173678796,3409.8470825195313,3597.3931005859376,3732.634761986208,3409.8470825195313,3087.0594030528546,30.89202694809137,1487.2048706054688,1643.1388647460938,1656.182141845089,1487.2048706054688,1318.2275993658486
2025-04-22,52.618856276687524,1250.46748046875,1238.153994140625,1330.5644080552931,1250.46748046875,1170.3705528822068,19.646729925445328,3400.7925537109377,3582.4410009765625,3727.05457744556,3400.7925537109377,3074.5305299763154,28.093569216735887,1479.1309692382813,1634.4511010742187,1647.9814613072397,1479.1309692382813,1310.280477169323
2025-04-23,54.90350965336169,1252.0099792480469,1238.4499951171874,1334.7658746780228,1252.0099792480469,1169.254083818071,34.12510881227605,3393.351208496094,3568.6822998046873,3713.772751659031,3393.351208496094,3072.9296653331567,38.91140691485778,1472.1960388183593,1626.0907299804687,1632.5088855089678,1472.1960388183593,1311.8831921277508
2025-04-24,60.51502145922747,1253.272479248047,1238.9179956054688,1338.3302438616438,1253.272479248047,1168.21471463445,36.782436370158734,3384.603955078125,3555.0137890625,3696.860820908808,3384.603955078125,3072.3470892474425,42.95577251397242,1466.2225830078125,1617.6958471679689,1619.8850476532396,1466.2225830078125,1312.5601183623855
2025-04-25,60.580021482277125,1253.187481689453,1239.2949951171875,1338.042959319416,1253.187481689453,1168.3320040594901,42.056479930962084,3375.6361694335938,3542.430634765625,3672.115313245064,3375.6361694335938,3079.1570256221235,40.70431265409739,1460.673162841797,1609.1076831054688,1606.2606108133582,1460.673162841797,1315.0857148702357
2025-04-28,70.10380269314861,1257.3549865722657,1241.3369970703125,1355.955919846826,1257.3549865722657,1158.7540532977055,54.31413342322318,3365.0180419921876,3530.8158740234376,3638.103061432748,3365.0180419921876,3091.9330225516273,47.78120255434077,1453.4571960449218,1600.793662109375,1582.0619133595067,1453.4571960449218,1324.852478730337
2025-04-29,84.13867297192638,1263.687481689453,1244.2579956054688,1381.0209500443339,1263.687481689453,1146.3540133345723,72.02850906063536,3356.9249755859373,3519.6263330078127,3609.004105671809,3356.9249755859373,3104.8458455000655,57.769872549521416,1448.4304260253907,1593.2438891601562,1563.8430793098128,1448.4304260253907,1333.0177727409687
2025-04-30,97.49903564900337,1270.0274841308594,1247.66099609375,1403.285154374033,1270.0274841308594,1136.7698138876858,73.24957875134439,3347.1369750976564,3509.5191650390625,3569.856492984495,3347.1369750976564,3124.4174572108177,71.2873326887695,1443.3296875,1585.8371020507811,1541.788888652374,1443.3296875,1344.8704863476262
2025-05-02,97.48204317055011,1277.2624877929688,1251.72599609375,1426.4411635162717,1277.2624877929688,1128.083812069666,67.6918696523123,3338.4566284179687,3499.2276416015625,3535.993842681075,3338.4566284179687,3140.9194141548624,67.95402262216298,1440.1864135742187,1578.8109594726564,1527.8867164221235,1440.1864135742187,1352.4861107263139
2025-05-05,97.5633616157572,1286.197491455078,1256.0299975585938,1449.8598280686465,1286.197491455078,1122.5351548415097,78.28922207356692,3333.6741333007812,3490.1909619140624,3516.8646285468935,3333.6741333007812,3150.483638054669,77.02218871890634,1439.3038330078125,1572.2108227539063,1524.5656053065181,1439.3038330078125,1354.0420607091069
2025-05-06,92.90420526694423,1294.684991455078,1260.102998046875,1468.015315790275,1294.684991455078,1121.354667119881,81.94011299824064,3329.513623046875,3480.7776318359374,3498.836546198187,3329.513623046875,3160.1906998955633,76.67976284482647,1437.39814453125,1565.4085302734375,1515.6695565708442,1437.39814453125,1359.1267324916557
2025-05-07,86.20690573837095,1302.5499938964845,1263.7249975585937,1481.2855517328583,1302.5499938964845,1123.8144360601107,77.6621933149564,3331.5926513671875,3471.6705810546873,3504.162417344399,3331.5926513671875,3159.022885389976,73.1310371892948,1437.979962158203,1558.8212158203125,1517.6124483777912,1437.979962158203,1358.347475938615
2025-05-08,86.5677966552848,1312.6649963378907,1267.3569970703124,1490.9812769611,1312.6649963378907,1134.3487157146812,76.20464163017354,3339.0017944335937,3463.2593408203124,3513.213549451331,3339.0017944335937,3164.7900394158564,79.23859710876627,1440.9260131835938,1552.1047192382812,1523.8423672324552,1440.9260131835938,1358.0096591347324
2025-05-09,72.93431978148392,1323.2399963378907,1270.3519970703126,1489.5394909647314,1323.2399963378907,1156.94050171105,72.26071034433018,3347.241064453125,3456.4439208984377,3518.333691152528,3347.241064453125,3176.148437753722,76.61634868253745,1446.3916137695312,1546.1248559570313,1526.0139717826492,1446.3916137695312,1366.7692557564133
2025-05-12,76.8878518248148,1335.9549987792968,1274.4219970703125,1495.6031892579979,1335.9549987792968,1176.3068083005958,81.45260023676936,3363.4693115234377,3453.29193359375,3560.845074873104,3363.4693115234377,3166.0935481737715,84.72169958392018,1456.1591857910157,1542.2148706054688,1560.5362307101277,1456.1591857910157,1351.7821408719037
2025-05-13,72.33582934170553,1347.4724975585937,1278.1729956054687,1494.0762716848076,1347.4724975585937,1200.8687234323797,67.49827363275367,3376.7710815429687,3447.9196826171874,3568.6489771324905,3376.7710815429687,3184.893185953447,75.72334422846849,1464.2897888183593,1537.3552465820312,1570.392625215423,1464.2897888183593,1358.1869524212955
2025-05-14,72.3259020642836,1357.7450012207032,1282.3699951171875,1494.9190966130368,1357.7450012207032,1220.5709058283696,63.34842308683828,3392.491357421875,3445.4040380859374,3575.7596410598003,3392.491357421875,3209.2230737839495,73.03018024684768,1473.310369873047,1533.9688940429687,1583.3838645903804,1473.310369873047,1363.2368751557135
2025-05-15,74.86960407144849,1368.45,1287.373994140625,1500.2798300705415,1368.45,1236.6201699294586,66.88127729079429,3408.9302368164062,3444.41978515625,3585.763700242647,3408.9302368164062,3232.0967733901657,76.01026683959974,1482.5306396484375,1530.917822265625,1599.6101680742415,1482.5306396484375,1365.4511112226335
2025-05-16,75.34110648423558,1379.304998779297,1292.3599951171875,1501.7791605181783,1379.304998779297,1256.8308370404156,61.32321634996938,3423.1785888671875,3443.4038134765624,3590.022514215454,3423.1785888671875,3256.334663518921,69.14485725297307,1491.2479858398438,1527.4782177734376,1606.3602408246636,1491.2479858398438,1376.135730855024
2025-05-19,64.11763354240048,1387.6200012207032,1297.1739965820314,1502.478623236655,1387.6200012207032,1272.7613792047514,56.99426387633108,3434.0767333984377,3444.1085498046873,3586.607580414969,3434.0767333984377,3281.5458863819063,62.34509311229055,1498.1656555175782,1524.9557104492187,1606.573279832122,1498.1656555175782,1389.7580312030345
2025-05-20,55.18101985175823,1394.075,1302.24099609375,1501.3988808844786,1394.075,1286.7511191155215,52.43489119630598,3442.8338989257813,3444.212626953125,3580.4861334988386,3442.8338989257813,3305.181664352724,60.51314436944481,1503.5696166992188,1522.0367797851563,1608.5738985736218,1503.5696166992188,1398.5653348248159
2025-05-21,55.05006607886872,1400.975,1307.5869946289063,1497.6685035230714,1400.975,1304.2814964769284,56.69454382785563,3453.3107788085936,3444.0887255859375,3570.877226887668,3453.3107788085936,3335.7443307295193,61.19842375170441,1510.7535339355468,1519.6740209960938,1606.0114884426964,1510.7535339355468,1415.4955794283971
2025-05-22,47.87407704995346,1406.445001220703,1312.2629956054689,1490.6594791061684,1406.445001220703,1322.2305233352376,54.073689197643155,3456.4825805664063,3442.700068359375,3569.3846128327687,3456.4825805664063,3343.580548300044,56.351681516564184,1514.3331665039063,1516.4395288085936,1605.9930030425398,1514.3331665039063,1422.6733299652728
2025-05-23,49.10179728258592,1412.7050048828125,1316.6069970703124,1481.2622686954064,1412.7050048828125,1344.1477410702187,55.20816890250051,3462.082800292969,3440.9753955078127,3568.1692098061358,3462.082800292969,3355.996390779802,58.38306204274299,1518.9383728027344,1513.4604467773438,1606.3537883091603,1518.9383728027344,1431.5229572963085
2025-05-26,52.801292241776736,1419.4250061035157,1320.3069970703125,1463.6685462272073,1419.4250061035157,1375.181465979824,56.48599572520447,3466.5084594726563,3439.510419921875,3572.1696416082655,3466.5084594726563,3360.847277337047,59.91378957699053,1523.8837890625,1511.3797216796875,1608.3198015754876,1523.8837890625,1439.4477765495124
2025-05-27,53.27367995174777,1422.0900024414063,1323.98099609375,1459.3665127696397,1422.0900024414063,1384.813492113173,54.325373273168104,3469.244140625,3437.7074462890623,3571.879690503301,3469.244140625,3366.608590746699,58.69932129259347,1528.2227416992187,1508.7891723632813,1607.9564465205422,1528.2227416992187,1448.4890368778952
2025-05-28,51.160964051981445,1422.7500061035157,1327.2929956054688,1458.8047474058674,1422.7500061035157,1386.695264801164,53.95591318411437,3470.493029785156,3436.1691162109373,3572.3327703630953,3470.493029785156,3368.653289207217,58.53588816405218,1531.8861938476562,1507.0180932617188,1608.3214127939104,1531.8861938476562,1455.4509749014019
2025-05-29,58.85690729907414,1423.3900085449218,1330.5079956054688,1458.5617168438428,1423.3900085449218,1388.2183002460008,54.74860787393545,3472.6934814453125,3436.0085498046874,3572.110248210996,3472.6934814453125,3373.276714679629,60.72017470494042,1536.1018798828125,1506.91455078125,1609.5646495456854,1536.1018798828125,1462.6391102199395
2025-05-30,45.49133971720633,1423.4450073242188,1333.9679956054688,1458.5965133039213,1423.4450073242188,1388.2935013445162,33.05268878499504,3474.299206542969,3435.0639453125,3569.784579950142,3474.299206542969,3378.813833135796,41.39962926066506,1539.9372802734374,1507.0099560546876,1610.3300785531858,1539.9372802734374,1469.544481993689
2025-06-02,49.37264800437431,1422.5650024414062,1337.4649951171875,1457.7697002157056,1422.5650024414062,1387.360304667107,41.2224144014134,3474.0761962890624,3434.1143896484373,3570.0769522233322,3474.0761962890624,3378.0754403547926,51.800323768590665,1543.2438659667969,1506.72619140625,1609.3831245764632,1543.2438659667969,1477.1046073571306
2025-06-03,44.05285666765767,1421.7950012207032,1340.7979956054687,1457.8172024435157,1421.7950012207032,1385.7727999978906,31.23201637001597,3471.3603271484376,3432.2806884765623,3575.4050444068557,3471.3603271484376,3367.3156098900195,42.44641291736061,1545.8674621582031,1506.22642578125,1607.1894717764878,1545.8674621582031,1484.5454525399184
2025-06-04,39.564945346394,1422.6700012207032,1344.3249951171874,1457.9186148305437,1422.6700012207032,1387.4213876108627,26.32773415498791,3469.6678955078123,3430.5728759765625,3578.577415767994,3469.6678955078123,3360.7583752476307,38.31190030656528,1549.0588317871093,1505.9596875,1603.8597768348936,1549.0588317871093,1494.257886739325
2025-06-05,45.72649700040988,1424.4400024414062,1347.7899951171876,1459.9298806344705,1424.4400024414062,1388.950124248342,26.986649309117666,3467.297155761719,3427.3597119140627,3582.7620467950833,3467.297155761719,3351.8322647283544,45.454843462910844,1552.2523559570313,1505.182998046875,1599.6055408020766,1552.2523559570313,1504.899171111986
2025-06-06,50.90420304382592,1427.7550048828125,1351.1329956054688,1456.3893627749746,1427.7550048828125,1399.1206469906504,33.61003799861108,3466.007604980469,3424.1121728515627,3584.698319674292,3466.007604980469,3347.3168902866455,59.956507231099415,1556.1082458496094,1505.0499267578125,1592.2005029353336,1556.1082458496094,1520.0159887638852
2025-06-09,58.742799484552904,1428.3700073242187,1354.0669970703125,1458.294491302568,1428.3700073242187,1398.4455233458693,43.164883957964776,3457.6774047851563,3420.610595703125,3562.7767144481854,3457.6774047851563,3352.5780951221273,62.384313781364284,1554.5368957519531,1505.094912109375,1583.8989642381434,1554.5368957519531,1525.1748272657628
2025-06-10,53.226940501563796,1429.510009765625,1357.127998046875,1459.1378748107916,1429.510009765625,1399.8821447204584,45.41466567182443,3456.6207641601563,3417.3580908203126,3561.0270561257994,3456.6207641601563,3352.2144721945133,66.16327122395343,1556.9951049804688,1504.8978051757813,1591.4354396142821,1556.9951049804688,1522.5547703466555
2025-06-11,64.66219106377734,1430.735009765625,1360.6449975585938,1461.4782505517599,1430.735009765625,1399.99176897949,54.14760049843703,3454.3439697265626,3414.7207177734376,3555.0880532920814,3454.3439697265626,3353.5998861610437,81.49951364395224,1560.0348205566406,1505.9746484375,1607.637811472669,1560.0348205566406,1512.4318296406122
2025-06-12,55.938964951382594,1430.1050109863281,1363.912998046875,1459.3010943375778,1430.1050109863281,1400.9089276350785,41.98059891945153,3448.6359252929688,3411.0240625,3539.3923760895923,3448.6359252929688,3357.879474496345,69.01939047961969,1560.9338317871093,1506.5206274414063,1611.5524978368198,1560.9338317871093,1510.3151657373987
2025-06-13,47.35225811045147,1428.6800109863282,1366.9689990234374,1455.1246913950665,1428.6800109863282,1402.2353305775898,39.83338959843148,3444.4246826171875,3408.45046875,3526.721360556195,3444.4246826171875,3362.12800467818,63.29411061330185,1562.6418151855469,1507.5834790039062,1616.4466686261405,1562.6418151855469,1508.8369617449532
2025-06-16,56.15688557283474,1428.530010986328,1370.6730004882813,1454.7180158823855,1428.530010986328,1402.3420060902706,54.590866217243594,3444.849719238281,3407.986123046875,3528.1710526278603,3444.849719238281,3361.528385848702,71.58133454134521,1566.9239196777344,1509.9530810546876,1625.9069014437323,1566.9239196777344,1507.9409379117365
2025-06-17,57.325815616561265,1428.860009765625,1374.2739990234375,1455.0057974731778,1428.860009765625,1402.714222058072,57.389846172191746,3447.24072265625,3408.0375732421876,3535.8717070313796,3447.24072265625,3358.6097382811204,73.74657841199627,1571.97158203125,1512.1782446289062,1637.7598006536202,1571.97158203125,1506.1833634088796
2025-06-18,55.078408109244165,1428.905010986328,1377.9019995117187,1455.0563598431918,1428.905010986328,1402.7536621294644,47.96949814903831,3445.073840332031,3409.6022119140625,3530.889845228465,3445.073840332031,3359.257835435597,68.96553567300381,1576.2797241210938,1515.3215209960938,1646.2612623365092,1576.2797241210938,1506.2981859056783
2025-06-19,55.11550822713479,1430.1000122070313,1382.4740014648437,1454.6327112089134,1430.1000122070313,1405.5673132051493,48.84307344173097,3443.95546875,3412.6755712890626,3530.2819665735587,3443.95546875,3357.628970926441,64.18749211020037,1580.8982971191406,1519.0593505859374,1649.0854094224546,1580.8982971191406,1512.7111848158265
2025-06-20,67.8692810240268,1432.0700073242188,1388.4840014648437,1461.3544615843275,1432.0700073242188,1402.78555306411,52.13084373557167,3441.5586547851562,3416.485458984375,3525.8850275744508,3441.5586547851562,3357.2322819958617,68.00416018625421,1584.8888671875,1523.9699462890626,1653.1007993172566,1584.8888671875,1516.6769350577433
2025-06-23,67.31938386266151,1433.1700073242187,1393.9760034179687,1464.4696569520063,1433.1700073242187,1401.870357696431,52.41980174623081,3435.931848144531,3419.078681640625,3517.0730406339108,3435.931848144531,3354.7906556551516,59.31818181818181,1586.160333251953,1527.4704345703126,1653.2454041839726,1586.160333251953,1519.0752623199335
2025-06-24,60.029400896198155,1434.6050109863281,1399.2850048828125,1466.3954808192607,1434.6050109863281,1402.8145411533956,51.25761283675208,3432.0580322265623,3422.5267333984375,3514.169738512009,3432.0580322265623,3349.9463259411154,57.09617507452727,1587.8245788574218,1531.417958984375,1652.567097503851,1587.8245788574218,1523.0820602109925
2025-06-25,59.31189632520171,1437.3250122070312,1404.2520068359374,1470.5717842466397,1437.3250122070312,1404.0782401674228,58.72601736329312,3430.9537841796873,3427.36212890625,3511.6757003530843,3430.9537841796873,3350.2318680062904,62.39770244115628,1591.0700073242188,1535.9180786132813,1654.317472098497,1591.0700073242188,1527.8225425499404
2025-06-26,66.12702905666916,1441.2000122070312,1409.3560083007812,1482.059129514071,1441.2000122070312,1400.3408948999916,56.98690809845224,3429.6796997070314,3431.80646484375,3508.775360907615,3429.6796997070314,3350.584038506448,61.05931168895657,1593.690008544922,1540.1137915039062,1656.4858553988042,1593.690008544922,1530.8941616910397
2025-06-27,68.98516713678346,1445.9250122070312,1414.8780078125,1497.381708924099,1445.9250122070312,1394.4683154899633,52.558660090316366,3430.0903442382814,3435.7293115234374,3509.341247611596,3430.0903442382814,3350.839440864967,57.471258394606664,1595.955010986328,1544.4039233398437,1657.2953897081097,1595.955010986328,1534.6146322645463
2025-06-30,67.25957953263159,1450.2700134277343,1419.4000073242187,1504.8503774031274,1450.2700134277343,1395.6896494523412,49.873288919140045,3432.2199829101564,3439.5725830078127,3512.54398720875,3432.2199829101564,3351.895978611563,51.33028642846904,1598.3550109863281,1548.4438330078126,1656.4193553784949,1598.3550109863281,1540.2906665941614
2025-07-01,70.14697930187926,1456.4150146484376,1424.0580078125,1517.1041281087882,1456.4150146484376,1395.725901188087,44.42389867393754,3434.9449829101563,3442.3198486328124,3510.691507522721,3434.9449829101563,3359.1984582975915,43.5338149014115,1601.5450134277344,1551.9624829101563,1653.4925426985324,1601.5450134277344,1549.5974841569364
2025-07-02,69.33869806736251,1461.1800170898437,1428.610009765625,1525.8238830418954,1461.1800170898437,1396.5361511377919,48.429861815460406,3437.064990234375,3445.0818505859374,3508.70464566265,3437.064990234375,3365.4253348060997,50.56180505274435,1604.5100158691407,1556.1113061523438,1650.8220791805938,1604.5100158691407,1558.1979525576876
2025-07-03,74.05029766472795,1464.950018310547,1432.9660107421876,1533.6497024588855,1464.950018310547,1396.2503341622084,43.730816797088586,3438.5499877929688,3445.4392236328126,3505.5108021930246,3438.5499877929688,3371.589173392913,54.89160982684175,1607.7300109863281,1559.3965869140625,1647.8896407322645,1607.7300109863281,1567.5703812403917
2025-07-04,73.99463806970509,1469.1400207519532,1437.4800122070312,1542.401803667349,1469.1400207519532,1395.8782378365574,38.28483920367535,3440.3299926757813,3446.402587890625,3502.960204054078,3440.3299926757813,3377.6997812974846,54.944386190975514,1611.5750061035155,1563.1908959960938,1648.6305148861493,1611.5750061035155,1574.5194973208818
